case,phase,elapsed_s,sim_frame,target_mps,speed_mps,throttle,brake,gear,reverse,manual_gear_shift,speed_error_mps,throttle_ff
accel_0_to_0.5,accel,0.02,1797096,0.5,0.0011661746669416476,0.9394731521606445,0.0,0,0,0,0.49680848186491927,0.515
accel_0_to_0.5,accel,0.04,1797097,0.5,0.001605806925376097,0.9433895945549011,0.0,0,0,0,0.49883382533305837,0.515
accel_0_to_0.5,accel,0.06,1797098,0.5,0.0026493483818869484,0.9452088475227356,0.0,0,0,0,0.4983941930746239,0.515
accel_0_to_0.5,accel,0.08,1797099,0.5,0.0033812176008935413,0.9465101361274719,0.0,0,0,0,0.49735065161811304,0.515
accel_0_to_0.5,accel,0.1,1797100,0.5,0.003812394746115327,0.9480732083320618,0.0,0,0,0,0.49661878239910645,0.515
accel_0_to_0.5,accel,0.12,1797101,0.5,0.0040071031948653735,0.9498898983001709,0.0,0,0,0,0.49618760525388467,0.515
accel_0_to_0.5,accel,0.14,1797102,0.5,0.00402518032878911,0.9519068002700806,0.0,0,0,0,0.49599289680513464,0.515
accel_0_to_0.5,accel,0.16,1797103,0.5,0.003916518022184675,0.9540737271308899,0.0,0,0,0,0.4959748196712109,0.515
accel_0_to_0.5,accel,0.18,1797104,0.5,0.003720882429741107,0.9563488364219666,0.0,0,0,0,0.4960834819778153,0.515
accel_0_to_0.5,accel,0.2,1797105,0.5,0.0034693668311618674,0.9586987495422363,0.0,0,0,0,0.4962791175702589,0.515
accel_0_to_0.5,accel,0.22,1797106,0.5,0.003185892155938259,0.9610973000526428,0.0,0,0,0,0.4965306331688381,0.515
accel_0_to_0.5,accel,0.24,1797107,0.5,0.002888530275352171,0.9635242223739624,0.0,0,0,0,0.4968141078440617,0.515
accel_0_to_0.5,accel,0.26,1797108,0.5,0.002590370096810755,0.9659642577171326,0.0,0,0,0,0.4971114697246478,0.515
accel_0_to_0.5,accel,0.28,1797109,0.5,0.002300799498745563,0.9684063196182251,0.0,0,0,0,0.49740962990318927,0.515
accel_0_to_0.5,accel,0.3,1797110,0.5,0.0020261555836057587,0.9708423018455505,0.0,0,0,0,0.49769920050125444,0.515
accel_0_to_0.5,accel,0.32,1797111,0.5,0.0017704732681516299,0.9732668399810791,0.0,0,0,0,0.49797384441639425,0.515
accel_0_to_0.5,accel,0.34,1797112,0.5,0.0015361013502239783,0.9756763577461243,0.0,0,0,0,0.4982295267318484,0.515
accel_0_to_0.5,accel,0.36,1797113,0.5,0.0013238090570367928,0.9780688285827637,0.0,0,0,0,0.498463898649776,0.515
accel_0_to_0.5,accel,0.38,1797114,0.5,0.0011336578143764642,0.9804434776306152,0.0,0,0,0,0.4986761909429632,0.515
accel_0_to_0.5,accel,0.4,1797115,0.5,0.00096496218325778,0.9828001260757446,0.0,0,0,0,0.49886634218562353,0.515
accel_0_to_0.5,accel,0.42,1797116,0.5,0.000816482635729025,0.9851392507553101,0.0,0,0,0,0.49903503781674224,0.515
accel_0_to_0.5,accel,0.44,1797117,0.5,0.0006869536955823634,0.9874618649482727,0.0,0,0,0,0.49918351736427097,0.515
accel_0_to_0.5,accel,0.46,1797118,0.5,0.0005746252164502914,0.989768922328949,0.0,0,0,0,0.49931304630441764,0.515
accel_0_to_0.5,accel,0.48,1797119,0.5,0.00047795387626131555,0.9920619130134583,0.0,0,0,0,0.4994253747835497,0.515
accel_0_to_0.5,accel,0.5,1797120,0.5,0.0003952161111517386,0.9943419694900513,0.0,0,0,0,0.4995220461237387,0.515
accel_0_to_0.5,accel,0.52,1797121,0.5,0.0003248100765623249,0.9966105222702026,0.0,0,0,0,0.49960478388884827,0.515
accel_0_to_0.5,accel,0.54,1797122,0.5,0.0002653841259127814,0.9988689422607422,0.0,0,0,0,0.4996751899234377,0.515
accel_0_to_0.5,accel,0.56,1797123,0.5,0.00021541515505554772,1.0,0.0,0,0,0,0.49973461587408724,0.515
accel_0_to_0.5,accel,0.58,1797124,0.5,0.00017369422466690957,1.0,0.0,0,0,0,0.4997845848449445,0.515
accel_0_to_0.5,accel,0.6,1797125,0.5,0.00013903788440202262,1.0,0.0,0,0,0,0.4998263057753331,0.515
accel_0_to_0.5,accel,0.62,1797126,0.5,0.00011045954924569854,1.0,0.0,0,0,0,0.499860962115598,0.515
accel_0_to_0.5,accel,0.64,1797127,0.5,8.703096680506973e-05,1.0,0.0,0,0,0,0.4998895404507543,0.515
accel_0_to_0.5,accel,0.66,1797128,0.5,6.795594894794756e-05,1.0,0.0,0,0,0,0.49991296903319493,0.515
accel_0_to_0.5,accel,0.68,1797129,0.5,5.2560261500472174e-05,1.0,0.0,0,0,0,0.49993204405105207,0.515
accel_0_to_0.5,accel,0.7000000000000001,1797130,0.5,4.031901080201148e-05,1.0,0.0,0,0,0,0.49994743973849953,0.515
accel_0_to_0.5,accel,0.72,1797131,0.5,3.065727677497977e-05,1.0,0.0,0,0,0,0.49995968098919796,0.515
accel_0_to_0.5,accel,0.74,1797132,0.5,2.3112022476112834e-05,1.0,0.0,0,0,0,0.499969342723225,0.515
accel_0_to_0.5,accel,0.76,1797133,0.5,1.7376746405770407e-05,1.0,0.0,0,0,0,0.4999768879775239,0.515
accel_0_to_0.5,accel,0.78,1797134,0.5,1.316130000873383e-05,1.0,0.0,0,0,0,0.4999826232535942,0.515
accel_0_to_0.5,accel,0.8,1797135,0.5,3.5684572696923297e-06,1.0,0.0,0,0,0,0.4999868386999913,0.515
accel_0_to_0.5,accel,0.8200000000000001,1797136,0.5,5.448584606827971e-06,1.0,0.0,0,0,0,0.4999964315427303,0.515
accel_0_to_0.5,accel,0.84,1797137,0.5,6.3453058536379225e-06,1.0,0.0,0,0,0,0.4999945514153932,0.515
accel_0_to_0.5,accel,0.86,1797138,0.5,6.666099308603569e-06,1.0,0.0,0,0,0,0.49999365469414636,0.515
accel_0_to_0.5,accel,0.88,1797139,0.5,6.57395401096266e-06,1.0,0.0,0,0,0,0.4999933339006914,0.515
accel_0_to_0.5,accel,0.9,1797140,0.5,6.3171583206857924e-06,1.0,0.0,0,0,0,0.49999342604598906,0.515
accel_0_to_0.5,accel,0.92,1797141,0.5,5.317812807776523e-06,1.0,0.0,0,0,0,0.49999368284167933,0.515
accel_0_to_0.5,accel,0.9400000000000001,1797142,0.5,4.6817336996372576e-06,1.0,0.0,0,0,0,0.49999468218719223,0.515
accel_0_to_0.5,accel,0.96,1797143,0.5,4.166377839538471e-06,1.0,0.0,0,0,0,0.49999531826630034,0.515
accel_0_to_0.5,accel,0.98,1797144,0.5,3.660922714665482e-06,1.0,0.0,0,0,0,0.49999583362216043,0.515
accel_0_to_0.5,accel,1.0,1797145,0.5,3.2280270794866377e-06,1.0,0.0,0,0,0,0.49999633907728536,0.515
accel_0_to_0.5,accel,1.02,1797146,0.5,2.8315784595630648e-06,1.0,0.0,0,0,0,0.49999677197292053,0.515
accel_0_to_0.5,accel,1.04,1797147,0.5,2.480578119757894e-06,1.0,0.0,0,0,0,0.49999716842154046,0.515
accel_0_to_0.5,accel,1.06,1797148,0.5,2.1756952434589885e-06,1.0,0.0,0,0,0,0.49999751942188025,0.515
accel_0_to_0.5,accel,1.08,1797149,0.5,1.8650212791510795e-06,1.0,0.0,0,0,0,0.49999782430475653,0.515
accel_0_to_0.5,accel,1.1,1797150,0.5,1.6590397395095373e-06,1.0,0.0,0,0,0,0.49999813497872087,0.515
accel_0_to_0.5,accel,1.12,1797151,0.5,1.4300251871071133e-06,1.0,0.0,0,0,0,0.49999834096026047,0.515
accel_0_to_0.5,accel,1.1400000000000001,1797152,0.5,1.2369033777037275e-06,1.0,0.0,0,0,0,0.4999985699748129,0.515
accel_0_to_0.5,accel,1.16,1797153,0.5,1.0832115119939256e-06,1.0,0.0,0,0,0,0.4999987630966223,0.515
accel_0_to_0.5,accel,1.18,1797154,0.5,9.416307982480008e-07,1.0,0.0,0,0,0,0.499998916788488,0.515
accel_0_to_0.5,accel,1.2,1797155,0.5,8.266216479308794e-07,1.0,0.0,0,0,0,0.4999990583692018,0.515
accel_0_to_0.5,accel,1.22,1797156,0.5,2.669672012518817e-07,1.0,0.0,0,0,0,0.4999991733783521,0.515
accel_0_to_0.5,accel,1.24,1797157,0.5,3.661310684520303e-07,1.0,0.0,0,0,0,0.49999973303279877,0.515
accel_0_to_0.5,accel,1.26,1797158,0.5,4.2035648193333426e-07,1.0,0.0,0,0,0,0.49999963386893154,0.515
accel_0_to_0.5,accel,1.28,1797159,0.5,4.228398394701383e-07,1.0,0.0,0,0,0,0.49999957964351804,0.515
accel_0_to_0.5,accel,1.3,1797160,0.5,4.306405797758701e-07,1.0,0.0,0,0,0,0.4999995771601605,0.515
accel_0_to_0.5,accel,1.32,1797161,0.5,3.9683912613163644e-07,1.0,0.0,0,0,0,0.49999956935942025,0.515
accel_0_to_0.5,accel,1.34,1797162,0.5,3.504046555145324e-07,1.0,0.0,0,0,0,0.4999996031608739,0.515
accel_0_to_0.5,accel,1.36,1797163,0.5,3.2142536448089555e-07,1.0,0.0,0,0,0,0.4999996495953445,0.515
accel_0_to_0.5,accel,1.3800000000000001,1797164,0.5,2.917458188499576e-07,1.0,0.0,0,0,0,0.4999996785746355,0.515
accel_0_to_0.5,accel,1.4000000000000001,1797165,0.5,2.508135631415435e-07,1.0,0.0,0,0,0,0.49999970825418116,0.515
accel_0_to_0.5,accel,1.42,1797166,0.5,2.1888737134316837e-07,1.0,0.0,0,0,0,0.49999974918643686,0.515
accel_0_to_0.5,accel,1.44,1797167,0.5,1.8397707312072745e-07,1.0,0.0,0,0,0,0.49999978111262866,0.515
accel_0_to_0.5,accel,1.46,1797168,0.5,1.7493530583311185e-07,1.0,0.0,0,0,0,0.49999981602292687,0.515
accel_0_to_0.5,accel,1.48,1797169,0.5,0.024127469969267408,1.0,0.0,0,0,0,0.49999982506469415,0.515
accel_0_to_0.5,accel,1.5,1797170,0.5,0.0713652076221656,1.0,0.0,1,0,0,0.4758725300307326,0.515
accel_0_to_0.5,accel,1.52,1797171,0.5,0.11466220712707494,1.0,0.0,1,0,0,0.4286347923778344,0.515
accel_0_to_0.5,accel,1.54,1797172,0.5,0.1531000751597114,0.9745371341705322,0.0,1,0,0,0.3853377928729251,0.515
accel_0_to_0.5,accel,1.56,1797173,0.5,0.1868551281038261,0.9418649077415466,0.0,1,0,0,0.3468999248402886,0.515
accel_0_to_0.5,accel,1.58,1797174,0.5,0.21649473034042693,0.9131731390953064,0.0,1,0,0,0.3131448718961739,0.515
accel_0_to_0.5,accel,1.6,1797175,0.5,0.242483690608211,0.8879795074462891,0.0,1,0,0,0.28350526965957307,0.515
accel_0_to_0.5,accel,1.62,1797176,0.5,0.2652356175409806,0.8658888339996338,0.0,1,0,0,0.257516309391789,0.515
accel_0_to_0.5,accel,1.6400000000000001,1797177,0.5,0.2851701518847628,0.8465497493743896,0.0,1,0,0,0.23476438245901943,0.515
accel_0_to_0.5,accel,1.6600000000000001,1797178,0.5,0.30267336504918985,0.8296054005622864,0.0,1,0,0,0.2148298481152372,0.515
accel_0_to_0.5,accel,1.68,1797179,0.5,0.3180873639905552,0.8147276639938354,0.0,1,0,0,0.19732663495081015,0.515
accel_0_to_0.5,accel,1.7,1797180,0.5,0.33171014816664757,0.8016257286071777,0.0,1,0,0,0.1819126360094448,0.515
accel_0_to_0.5,accel,1.72,1797181,0.5,0.3437988758752171,0.7900463938713074,0.0,1,0,0,0.16828985183335243,0.515
accel_0_to_0.5,accel,1.74,1797182,0.5,0.35457468032872763,0.7797709703445435,0.0,1,0,0,0.15620112412478288,0.515
accel_0_to_0.5,accel,1.76,1797183,0.5,0.36422674663040006,0.7706115245819092,0.0,1,0,0,0.14542531967127237,0.515
accel_0_to_0.5,accel,1.78,1797184,0.5,0.37291686558214604,0.7624072432518005,0.0,1,0,0,0.13577325336959994,0.515
accel_0_to_0.5,accel,1.8,1797185,0.5,0.38078312918208174,0.7550206780433655,0.0,1,0,0,0.12708313441785396,0.515
accel_0_to_0.5,accel,1.82,1797186,0.5,0.3879430539119627,0.7483343482017517,0.0,1,0,0,0.11921687081791826,0.515
accel_0_to_0.5,accel,1.84,1797187,0.5,0.3944965371303821,0.7422484159469604,0.0,1,0,0,0.11205694608803729,0.515
accel_0_to_0.5,accel,1.86,1797188,0.5,0.40052838430956716,0.7366779446601868,0.0,1,0,0,0.10550346286961793,0.515
accel_0_to_0.5,accel,1.8800000000000001,1797189,0.5,0.4061106693758029,0.7315508723258972,0.0,1,0,0,0.09947161569043284,0.515
accel_0_to_0.5,accel,1.9000000000000001,1797190,0.5,0.41130423674786176,0.7268059253692627,0.0,1,0,0,0.09388933062419708,0.515
accel_0_to_0.5,accel,1.92,1797191,0.5,0.4161606325248034,0.7223914265632629,0.0,1,0,0,0.08869576325213824,0.515
accel_0_to_0.5,accel,1.94,1797192,0.5,0.4207233442584564,0.7182634472846985,0.0,1,0,0,0.0838393674751966,0.515
accel_0_to_0.5,accel,1.96,1797193,0.5,0.4250291837847534,0.7143851518630981,0.0,1,0,0,0.07927665574154358,0.515
accel_0_to_0.5,accel,1.98,1797194,0.5,0.42910909784337703,0.7107251882553101,0.0,1,0,0,0.0749708162152466,0.515
accel_0_to_0.5,accel,2.0,1797195,0.5,0.43298921711388577,0.7072572708129883,0.0,1,0,0,0.07089090215662297,0.515
accel_0_to_0.5,accel,2.02,1797196,0.5,0.43669161916280685,0.7039591670036316,0.0,1,0,0,0.06701078288611423,0.515
accel_0_to_0.5,accel,2.04,1797197,0.5,0.4402348052781296,0.7008121013641357,0.0,1,0,0,0.06330838083719315,0.515
accel_0_to_0.5,accel,2.06,1797198,0.5,0.44363446340599716,0.6978003978729248,0.0,1,0,0,0.05976519472187042,0.515
accel_0_to_0.5,accel,2.08,1797199,0.5,0.446903801938004,0.6949107050895691,0.0,1,0,0,0.05636553659400284,0.515
accel_0_to_0.5,accel,2.1,1797200,0.5,0.4500538834986253,0.692131757736206,0.0,1,0,0,0.053096198061996,0.515
accel_0_to_0.5,accel,2.12,1797201,0.5,0.45309419714987564,0.689454197883606,0.0,1,0,0,0.049946116501374704,0.515
accel_0_to_0.5,accel,2.14,1797202,0.5,0.4560327060724272,0.6868699193000793,0.0,1,0,0,0.046905802850124356,0.515
accel_0_to_0.5,accel,2.16,1797203,0.5,0.45887622903774705,0.6843721866607666,0.0,1,0,0,0.043967293927572815,0.515
accel_0_to_0.5,accel,2.18,1797204,0.5,0.461630583460341,0.6819552183151245,0.0,1,0,0,0.04112377096225295,0.515
accel_0_to_0.5,accel,2.2,1797205,0.5,0.46430082381334037,0.6796140074729919,0.0,1,0,0,0.038369416539658974,0.515
accel_0_to_0.5,accel,2.22,1797206,0.5,0.46689105089662003,0.6773443222045898,0.0,1,0,0,0.03569917618665963,0.515
accel_0_to_0.5,accel,2.24,1797207,0.5,0.46940512709120075,0.6751425862312317,0.0,1,0,0,0.03310894910337997,0.515
accel_0_to_0.5,accel,2.2600000000000002,1797208,0.5,0.471846294888495,0.6730056405067444,0.0,1,0,0,0.030594872908799253,0.515
accel_0_to_0.5,accel,2.2800000000000002,1797209,0.5,0.4742174153120934,0.6709306240081787,0.0,1,0,0,0.028153705111505,0.515
accel_0_to_0.5,accel,2.3000000000000003,1797210,0.5,0.4765209679137944,0.6689152121543884,0.0,1,0,0,0.025782584687906618,0.515
accel_0_to_0.5,accel,2.32,1797211,0.5,0.4787593368791735,0.6669571995735168,0.0,1,0,0,0.02347903208620561,0.515
accel_0_to_0.5,accel,2.34,1797212,0.5,0.48093447724071786,0.6650545597076416,0.0,1,0,0,0.02124066312082651,0.515
accel_0_to_0.5,accel,2.36,1797213,0.5,0.48304843939731834,0.6632056832313538,0.0,1,0,0,0.01906552275928214,0.515
accel_0_to_0.5,accel,2.38,1797214,0.5,0.4851028445955256,0.6614088416099548,0.0,1,0,0,0.01695156060268166,0.515
accel_0_to_0.5,accel,2.4,1797215,0.5,0.48709945713239317,0.6596626043319702,0.0,1,0,0,0.014897155404474394,0.515
accel_0_to_0.5,accel,2.42,1797216,0.5,0.48903975520275245,0.6579654812812805,0.0,1,0,0,0.012900542867606835,0.515
accel_0_to_0.5,accel,2.44,1797217,0.5,0.49092512163352275,0.6563162207603455,0.0,1,0,0,0.010960244797247554,0.515
accel_0_to_0.5,accel,2.46,1797218,0.5,0.4927570823040055,0.6547136306762695,0.0,1,0,0,0.009074878366477246,0.515
accel_0_to_0.5,accel,2.48,1797219,0.5,0.49453687699062776,0.6531564593315125,0.0,1,0,0,0.0072429176959945,0.515
accel_0_to_0.5,accel,2.5,1797220,0.5,0.4962659362045576,0.6516436338424683,0.0,1,0,0,0.005463123009372239,0.515
decel_0.7_to_0.5,pre,0.02,1797273,0.7,0.0011700136975659901,1.0,0.0,1,0,0,0.6967859861045367,0.633
decel_0.7_to_0.5,pre,0.04,1797274,0.7,0.0016126875689355924,1.0,0.0,1,0,0,0.698829986302434,0.633
decel_0.7_to_0.5,pre,0.06,1797275,0.7,0.0026651914496266743,1.0,0.0,1,0,0,0.6983873124310643,0.633
decel_0.7_to_0.5,pre,0.08,1797276,0.7,0.0034029422354537758,1.0,0.0,1,0,0,0.6973348085503733,0.633
decel_0.7_to_0.5,pre,0.1,1797277,0.7,0.00383755275269144,1.0,0.0,1,0,0,0.6965970577645462,0.633
decel_0.7_to_0.5,pre,0.12,1797278,0.7,0.004199634880977262,1.0,0.0,1,0,0,0.6961624472473085,0.633
decel_0.7_to_0.5,pre,0.14,1797279,0.7,0.004737093774555258,1.0,0.0,1,0,0,0.6958003651190227,0.633
decel_0.7_to_0.5,pre,0.16,1797280,0.7,0.005227124275206771,1.0,0.0,1,0,0,0.6952629062254447,0.633
decel_0.7_to_0.5,pre,0.18,1797281,0.7,0.005699989388303801,1.0,0.0,1,0,0,0.6947728757247932,0.633
decel_0.7_to_0.5,pre,0.2,1797282,0.7,0.0061879232673974745,1.0,0.0,1,0,0,0.6943000106116961,0.633
decel_0.7_to_0.5,pre,0.22,1797283,0.7,0.006885843134253484,1.0,0.0,1,0,0,0.6938120767326025,0.633
decel_0.7_to_0.5,pre,0.24,1797284,0.7,0.008837584200820746,1.0,0.0,1,0,0,0.6931141568657465,0.633
decel_0.7_to_0.5,pre,0.26,1797285,0.7,0.012099163361687478,1.0,0.0,1,0,0,0.6911624157991793,0.633
decel_0.7_to_0.5,pre,0.28,1797286,0.7,0.02475734101259255,1.0,0.0,1,0,0,0.6879008366383125,0.633
decel_0.7_to_0.5,pre,0.3,1797287,0.7,0.02935572210602465,1.0,0.0,1,0,0,0.6752426589874074,0.633
decel_0.7_to_0.5,pre,0.32,1797288,0.7,0.03862240980443542,1.0,0.0,1,0,0,0.6706442778939753,0.633
decel_0.7_to_0.5,pre,0.34,1797289,0.7,0.04687426917943388,1.0,0.0,1,0,0,0.6613775901955645,0.633
decel_0.7_to_0.5,pre,0.36,1797290,0.7,0.05631317492220748,1.0,0.0,1,0,0,0.653125730820566,0.633
decel_0.7_to_0.5,pre,0.38,1797291,0.7,0.06481468620233499,1.0,0.0,1,0,0,0.6436868250777925,0.633
decel_0.7_to_0.5,pre,0.4,1797292,0.7,0.07132730392928613,1.0,0.0,1,0,0,0.635185313797665,0.633
decel_0.7_to_0.5,pre,0.42,1797293,0.7,0.08042604876155962,1.0,0.0,1,0,0,0.6286726960707139,0.633
decel_0.7_to_0.5,pre,0.44,1797294,0.7,0.08980966378274843,1.0,0.0,1,0,0,0.6195739512384404,0.633
decel_0.7_to_0.5,pre,0.46,1797295,0.7,0.09595948083623465,1.0,0.0,1,0,0,0.6101903362172515,0.633
decel_0.7_to_0.5,pre,0.48,1797296,0.7,0.10420884884228795,1.0,0.0,1,0,0,0.6040405191637653,0.633
decel_0.7_to_0.5,pre,0.5,1797297,0.7,0.10814526629921699,1.0,0.0,1,0,0,0.595791151157712,0.633
decel_0.7_to_0.5,pre,0.52,1797298,0.7,0.11914760582039607,1.0,0.0,1,0,0,0.591854733700783,0.633
decel_0.7_to_0.5,pre,0.54,1797299,0.7,0.13341597877387765,1.0,0.0,1,0,0,0.5808523941796039,0.633
decel_0.7_to_0.5,pre,0.56,1797300,0.7,0.14494374634989676,1.0,0.0,1,0,0,0.5665840212261223,0.633
decel_0.7_to_0.5,pre,0.58,1797301,0.7,0.15238823946370916,1.0,0.0,1,0,0,0.5550562536501031,0.633
decel_0.7_to_0.5,pre,0.6,1797302,0.7,0.16113317352593967,1.0,0.0,1,0,0,0.5476117605362908,0.633
decel_0.7_to_0.5,pre,0.62,1797303,0.7,0.17081371262046616,1.0,0.0,1,0,0,0.5388668264740603,0.633
decel_0.7_to_0.5,pre,0.64,1797304,0.7,0.1813261479231025,1.0,0.0,1,0,0,0.5291862873795338,0.633
decel_0.7_to_0.5,pre,0.66,1797305,0.7,0.19157714757490502,1.0,0.0,1,0,0,0.5186738520768974,0.633
decel_0.7_to_0.5,pre,0.68,1797306,0.7,0.2026865824663536,1.0,0.0,1,0,0,0.5084228524250949,0.633
decel_0.7_to_0.5,pre,0.7000000000000001,1797307,0.7,0.21443371104769762,1.0,0.0,1,0,0,0.49731341753364633,0.633
decel_0.7_to_0.5,pre,0.72,1797308,0.7,0.22591686941669925,1.0,0.0,1,0,0,0.48556628895230236,0.633
decel_0.7_to_0.5,pre,0.74,1797309,0.7,0.2371061343942012,1.0,0.0,1,0,0,0.4740831305833007,0.633
decel_0.7_to_0.5,pre,0.76,1797310,0.7,0.24806859577464496,1.0,0.0,1,0,0,0.46289386560579876,0.633
decel_0.7_to_0.5,pre,0.78,1797311,0.7,0.25889833250294686,1.0,0.0,1,0,0,0.451931404225355,0.633
decel_0.7_to_0.5,pre,0.8,1797312,0.7,0.26971610281635605,1.0,0.0,1,0,0,0.4411016674970531,0.633
decel_0.7_to_0.5,pre,0.8200000000000001,1797313,0.7,0.28021632741298985,1.0,0.0,1,0,0,0.4302838971836439,0.633
decel_0.7_to_0.5,pre,0.84,1797314,0.7,0.2903333199026856,1.0,0.0,1,0,0,0.4197836725870101,0.633
decel_0.7_to_0.5,pre,0.86,1797315,0.7,0.3001362925539868,1.0,0.0,1,0,0,0.40966668009731433,0.633
decel_0.7_to_0.5,pre,0.88,1797316,0.7,0.30969579302908734,1.0,0.0,1,0,0,0.39986370744601313,0.633
decel_0.7_to_0.5,pre,0.9,1797317,0.7,0.31906699110100695,1.0,0.0,1,0,0,0.3903042069709126,0.633
decel_0.7_to_0.5,pre,0.92,1797318,0.7,0.3282923727782729,1.0,0.0,1,0,0,0.380933008898993,0.633
decel_0.7_to_0.5,pre,0.9400000000000001,1797319,0.7,0.3374051257976706,1.0,0.0,1,0,0,0.37170762722172707,0.633
decel_0.7_to_0.5,pre,0.96,1797320,0.7,0.34643169062440976,1.0,0.0,1,0,0,0.36259487420232933,0.633
decel_0.7_to_0.5,pre,0.98,1797321,0.7,0.35539221356675316,1.0,0.0,1,0,0,0.3535683093755902,0.633
decel_0.7_to_0.5,pre,1.0,1797322,0.7,0.36429568295254494,1.0,0.0,1,0,0,0.3446077864332468,0.633
decel_0.7_to_0.5,pre,1.02,1797323,0.7,0.3731461279711629,1.0,0.0,1,0,0,0.335704317047455,0.633
decel_0.7_to_0.5,pre,1.04,1797324,0.7,0.3819471249064763,1.0,0.0,1,0,0,0.32685387202883703,0.633
decel_0.7_to_0.5,pre,1.06,1797325,0.7,0.39070179699764807,1.0,0.0,1,0,0,0.31805287509352365,0.633
decel_0.7_to_0.5,pre,1.08,1797326,0.7,0.39941274300895735,1.0,0.0,1,0,0,0.3092982030023519,0.633
decel_0.7_to_0.5,pre,1.1,1797327,0.7,0.4080821802138699,1.0,0.0,1,0,0,0.3005872569910426,0.633
decel_0.7_to_0.5,pre,1.12,1797328,0.7,0.4167118967524546,1.0,0.0,1,0,0,0.2919178197861301,0.633
decel_0.7_to_0.5,pre,1.1400000000000001,1797329,0.7,0.4253033708700342,1.0,0.0,1,0,0,0.28328810324754533,0.633
decel_0.7_to_0.5,pre,1.16,1797330,0.7,0.43385560117476574,0.9984921216964722,0.0,1,0,0,0.27469662912996573,0.633
decel_0.7_to_0.5,pre,1.18,1797331,0.7,0.4423566667302131,0.9912227392196655,0.0,1,0,0,0.2661443988252342,0.633
decel_0.7_to_0.5,pre,1.2,1797332,0.7,0.45078634963220254,0.9839968085289001,0.0,1,0,0,0.25764333326978683,0.633
decel_0.7_to_0.5,pre,1.22,1797333,0.7,0.45912843737423376,0.9768316149711609,0.0,1,0,0,0.2492136503677974,0.633
decel_0.7_to_0.5,pre,1.24,1797334,0.7,0.467370055374264,0.9697408080101013,0.0,1,0,0,0.2408715626257662,0.633
decel_0.7_to_0.5,pre,1.26,1797335,0.7,0.4755003793922145,0.9627354741096497,0.0,1,0,0,0.23262994462573594,0.633
decel_0.7_to_0.5,pre,1.28,1797336,0.7,0.48351054027226936,0.9558246731758118,0.0,1,0,0,0.22449962060778544,0.633
decel_0.7_to_0.5,pre,1.3,1797337,0.7,0.49139343312437617,0.9490160346031189,0.0,1,0,0,0.2164894597277306,0.633
decel_0.7_to_0.5,pre,1.32,1797338,0.7,0.49914309749141494,0.9423155784606934,0.0,1,0,0,0.2086065668756238,0.633
decel_0.7_to_0.5,pre,1.34,1797339,0.7,0.506784090537358,0.9357283711433411,0.0,1,0,0,0.200856902508585,0.633
decel_0.7_to_0.5,pre,1.36,1797340,0.7,0.5142529450785773,0.9292335510253906,0.0,1,0,0,0.193215909462642,0.633
decel_0.7_to_0.5,pre,1.3800000000000001,1797341,0.7,0.5215520931115826,0.922885000705719,0.0,1,0,0,0.18574705492142263,0.633
decel_0.7_to_0.5,pre,1.4000000000000001,1797342,0.7,0.5285600839730048,0.9166806936264038,0.0,1,0,0,0.17844790688841738,0.633
decel_0.7_to_0.5,pre,1.42,1797343,0.7,0.5343655373850591,0.9107239246368408,0.0,1,0,0,0.17143991602699515,0.633
decel_0.7_to_0.5,pre,1.44,1797344,0.7,0.5351424016956698,0.905789315700531,0.0,1,0,0,0.16563446261494086,0.633
decel_0.7_to_0.5,pre,1.46,1797345,0.7,0.5334769511477538,0.9051289558410645,0.0,1,0,0,0.1648575983043301,0.633
decel_0.7_to_0.5,pre,1.48,1797346,0.7,0.532870701873301,0.90654456615448,0.0,1,0,0,0.1665230488522461,0.633
decel_0.7_to_0.5,pre,1.5,1797347,0.7,0.5328235455016628,0.907059907913208,0.0,1,0,0,0.16712929812669897,0.633
decel_0.7_to_0.5,pre,1.52,1797348,0.7,0.533295474274301,0.9070999622344971,0.0,1,0,0,0.16717645449833718,0.633
decel_0.7_to_0.5,pre,1.54,1797349,0.7,0.5342450980970361,0.9066988229751587,0.0,1,0,0,0.16670452572569894,0.633
decel_0.7_to_0.5,pre,1.56,1797350,0.7,0.5356416607252038,0.9058916568756104,0.0,1,0,0,0.16575490190296382,0.633
decel_0.7_to_0.5,pre,1.58,1797351,0.7,0.5374594129881267,0.9047045707702637,0.0,1,0,0,0.16435833927479615,0.633
decel_0.7_to_0.5,pre,1.6,1797352,0.7,0.5396729873442357,0.903159499168396,0.0,1,0,0,0.16254058701187324,0.633
decel_0.7_to_0.5,pre,1.62,1797353,0.7,0.5422580652668636,0.9012779593467712,0.0,1,0,0,0.1603270126557642,0.633
decel_0.7_to_0.5,pre,1.6400000000000001,1797354,0.7,0.5451891361428004,0.8990806341171265,0.0,1,0,0,0.15774193473313636,0.633
decel_0.7_to_0.5,pre,1.6600000000000001,1797355,0.7,0.548440880117599,0.8965892195701599,0.0,1,0,0,0.15481086385719955,0.633
decel_0.7_to_0.5,pre,1.68,1797356,0.7,0.5519868328858369,0.8938252329826355,0.0,1,0,0,0.151559119882401,0.633
decel_0.7_to_0.5,pre,1.7,1797357,0.7,0.5558001008699605,0.8908112049102783,0.0,1,0,0,0.148013167114163,0.633
decel_0.7_to_0.5,pre,1.72,1797358,0.7,0.5598543627851067,0.8875699043273926,0.0,1,0,0,0.1441998991300395,0.633
decel_0.7_to_0.5,pre,1.74,1797359,0.7,0.564122820422303,0.8841238021850586,0.0,1,0,0,0.14014563721489326,0.633
decel_0.7_to_0.5,pre,1.76,1797360,0.7,0.5685790093647737,0.8804956078529358,0.0,1,0,0,0.13587717957769696,0.633
decel_0.7_to_0.5,pre,1.78,1797361,0.7,0.5731969896317083,0.8767078518867493,0.0,1,0,0,0.13142099063522628,0.633
decel_0.7_to_0.5,pre,1.8,1797362,0.7,0.5779517749463247,0.8727825880050659,0.0,1,0,0,0.12680301036829167,0.633
decel_0.7_to_0.5,pre,1.82,1797363,0.7,0.5828192850276912,0.868740975856781,0.0,1,0,0,0.1220482250536753,0.633
decel_0.7_to_0.5,pre,1.84,1797364,0.7,0.5877761071338731,0.864603579044342,0.0,1,0,0,0.11718071497230875,0.633
decel_0.7_to_0.5,pre,1.86,1797365,0.7,0.5928002113255394,0.860390305519104,0.0,1,0,0,0.11222389286612688,0.633
decel_0.7_to_0.5,pre,1.8800000000000001,1797366,0.7,0.5978709505088645,0.8561198115348816,0.0,1,0,0,0.10719978867446056,0.633
decel_0.7_to_0.5,pre,1.9000000000000001,1797367,0.7,0.6029686790075057,0.8518096804618835,0.0,1,0,0,0.10212904949113544,0.633
decel_0.7_to_0.5,pre,1.92,1797368,0.7,0.6080751815120858,0.847476601600647,0.0,1,0,0,0.09703132099249423,0.633
decel_0.7_to_0.5,pre,1.94,1797369,0.7,0.6131739594797614,0.8431360721588135,0.0,1,0,0,0.09192481848791412,0.633
decel_0.7_to_0.5,pre,1.96,1797370,0.7,0.618249181889755,0.83880215883255,0.0,1,0,0,0.08682604052023857,0.633
decel_0.7_to_0.5,pre,1.98,1797371,0.7,0.6232875448963666,0.8344882130622864,0.0,1,0,0,0.08175081811024498,0.633
decel_0.7_to_0.5,pre,2.0,1797372,0.7,0.6282756493453874,0.8302055597305298,0.0,1,0,0,0.07671245510363334,0.633
decel_0.7_to_0.5,pre,2.02,1797373,0.7,0.63320233719664,0.8259657025337219,0.0,1,0,0,0.07172435065461258,0.633
decel_0.7_to_0.5,pre,2.04,1797374,0.7,0.6380575948812945,0.8217779994010925,0.0,1,0,0,0.06679766280335997,0.633
decel_0.7_to_0.5,pre,2.06,1797375,0.7,0.6428323624132858,0.8176510334014893,0.0,1,0,0,0.06194240511870541,0.633
decel_0.7_to_0.5,pre,2.08,1797376,0.7,0.6475187243131194,0.8135924935340881,0.0,1,0,0,0.05716763758671417,0.633
decel_0.7_to_0.5,pre,2.1,1797377,0.7,0.652109957122355,0.809609055519104,0.0,1,0,0,0.052481275686880546,0.633
decel_0.7_to_0.5,pre,2.12,1797378,0.7,0.6566002433905503,0.8057065606117249,0.0,1,0,0,0.04789004287764498,0.633
decel_0.7_to_0.5,pre,2.14,1797379,0.7,0.6609847671164493,0.8018897771835327,0.0,1,0,0,0.04339975660944961,0.633
decel_0.7_to_0.5,pre,2.16,1797380,0.7,0.6652595227848277,0.7981629371643066,0.0,1,0,0,0.03901523288355069,0.633
decel_0.7_to_0.5,pre,2.18,1797381,0.7,0.6694213155854204,0.794529378414154,0.0,1,0,0,0.03474047721517226,0.633
decel_0.7_to_0.5,pre,2.2,1797382,0.7,0.6734675229100485,0.7909919023513794,0.0,1,0,0,0.03057868441457956,0.633
decel_0.7_to_0.5,pre,2.22,1797383,0.7,0.677396571192377,0.7875525951385498,0.0,1,0,0,0.026532477089951434,0.633
decel_0.7_to_0.5,pre,2.24,1797384,0.7,0.681206743777083,0.7842128872871399,0.0,1,0,0,0.022603428807623005,0.633
decel_0.7_to_0.5,pre,2.2600000000000002,1797385,0.7,0.684897802269053,0.780974268913269,0.0,1,0,0,0.018793256222916943,0.633
decel_0.7_to_0.5,pre,2.2800000000000002,1797386,0.7,0.6884692698109873,0.7778368592262268,0.0,1,0,0,0.015102197730947009,0.633
decel_0.7_to_0.5,pre,2.3000000000000003,1797387,0.7,0.6919213371558056,0.7748011350631714,0.0,1,0,0,0.011530730189012628,0.633
decel_0.7_to_0.5,pre,2.32,1797388,0.7,0.6952549102701852,0.7718668580055237,0.0,1,0,0,0.00807866284419434,0.633
decel_0.7_to_0.5,pre,2.34,1797389,0.7,0.6984707997982161,0.7690333127975464,0.0,1,0,0,0.0047450897298148,0.633
decel_0.7_to_0.5,pre,2.36,1797390,0.7,0.7015701024579424,0.766299843788147,0.0,1,0,0,0.0015292002017838202,0.633
decel_0.7_to_0.5,pre,2.38,1797391,0.7,0.7045546301912684,0.7636585235595703,0.0,1,0,0,-0.0015701024579424239,0.633
decel_0.7_to_0.5,pre,2.4,1797392,0.7,0.7074259089434384,0.7611016035079956,0.0,1,0,0,-0.0045546301912684495,0.633
decel_0.7_to_0.5,pre,2.42,1797393,0.7,0.7101860367830869,0.7586283683776855,0.0,1,0,0,-0.0074259089434384196,0.633
decel_0.7_to_0.5,pre,2.44,1797394,0.7,0.7128369687125462,0.7562374472618103,0.0,1,0,0,-0.010186036783086938,0.633
decel_0.7_to_0.5,pre,2.46,1797395,0.7,0.7153810412815528,0.7539276480674744,0.0,1,0,0,-0.012836968712546248,0.633
decel_0.7_to_0.5,pre,2.48,1797396,0.7,0.7178204478996798,0.7516975402832031,0.0,1,0,0,-0.01538104128155282,0.633
decel_0.7_to_0.5,pre,2.5,1797397,0.7,0.7201574774201317,0.7495456337928772,0.0,1,0,0,-0.017820447899679848,0.633
decel_0.7_to_0.5,decel,0.02,1797398,0.5,0.7222122666413433,0.0,0.35225197672843933,1,0,0,-0.2201574774201317,0.515
decel_0.7_to_0.5,decel,0.04,1797399,0.5,0.723251391369643,0.0,0.35553961992263794,1,0,0,-0.2222122666413433,0.515
decel_0.7_to_0.5,decel,0.06,1797400,0.5,0.7228939536740767,0.0,0.3572022318840027,1,0,0,-0.223251391369643,0.515
decel_0.7_to_0.5,decel,0.08,1797401,0.5,0.7210522156135375,0.0,0.3566303253173828,1,0,0,-0.22289395367407672,0.515
decel_0.7_to_0.5,decel,0.1,1797402,0.5,0.7179222529850289,0.0,0.3536835312843323,1,0,0,-0.2210522156135375,0.515
decel_0.7_to_0.5,decel,0.12,1797403,0.5,0.7136556524930487,0.0,0.34867560863494873,1,0,0,-0.21792225298502887,0.515
decel_0.7_to_0.5,decel,0.14,1797404,0.5,0.708377917721547,0.0,0.34184905886650085,1,0,0,-0.21365565249304874,0.515
decel_0.7_to_0.5,decel,0.16,1797405,0.5,0.7021772157700844,0.0,0.33340466022491455,1,0,0,-0.208377917721547,0.515
decel_0.7_to_0.5,decel,0.18,1797406,0.5,0.6951188732663005,0.0,0.32348355650901794,1,0,0,-0.2021772157700844,0.515
decel_0.7_to_0.5,decel,0.2,1797407,0.5,0.6872568203436275,0.0,0.3121902048587799,1,0,0,-0.1951188732663005,0.515
decel_0.7_to_0.5,decel,0.22,1797408,0.5,0.678642793775701,0.0,0.2996109127998352,1,0,0,-0.18725682034362745,0.515
decel_0.7_to_0.5,decel,0.24,1797409,0.5,0.6693332034647443,0.0,0.28582847118377686,1,0,0,-0.17864279377570103,0.515
decel_0.7_to_0.5,decel,0.26,1797410,0.5,0.6593944727895324,0.0,0.2709331214427948,1,0,0,-0.16933320346474434,0.515
decel_0.7_to_0.5,decel,0.28,1797411,0.5,0.6489058998850907,0.0,0.25503116846084595,1,0,0,-0.15939447278953245,0.515
decel_0.7_to_0.5,decel,0.3,1797412,0.5,0.6379599912630125,0.0,0.23824943602085114,1,0,0,-0.14890589988509073,0.515
decel_0.7_to_0.5,decel,0.32,1797413,0.5,0.6266620327187014,0.0,0.22073598206043243,1,0,0,-0.1379599912630125,0.515
decel_0.7_to_0.5,decel,0.34,1797414,0.5,0.6151238903465458,0.0,0.2026592493057251,1,0,0,-0.12666203271870136,0.515
decel_0.7_to_0.5,decel,0.36,1797415,0.5,0.6034477026952433,0.0,0.18419823050498962,1,0,0,-0.1151238903465458,0.515
decel_0.7_to_0.5,decel,0.38,1797416,0.5,0.5917211599481191,0.0,0.16551631689071655,1,0,0,-0.10344770269524328,0.515
decel_0.7_to_0.5,decel,0.4,1797417,0.5,0.5800208419256816,0.0,0.14675386250019073,1,0,0,-0.09172115994811914,0.515
decel_0.7_to_0.5,decel,0.42,1797418,0.5,0.5684098338935073,0.0,0.1280333399772644,1,0,0,-0.0800208419256816,0.515
decel_0.7_to_0.5,decel,0.44,1797419,0.5,0.5569293342088609,0.0,0.10945573449134827,1,0,0,-0.0684098338935073,0.515
decel_0.7_to_0.5,decel,0.46,1797420,0.5,0.5456027551557026,0.0,0.09108693152666092,1,0,0,-0.05692933420886093,0.515
decel_0.7_to_0.5,decel,0.48,1797421,0.5,0.5344412072409941,0.0,0.07296440750360489,1,0,0,-0.04560275515570256,0.515
decel_0.7_to_0.5,decel,0.5,1797422,0.5,0.5234482190078952,0.0,0.05510593205690384,1,0,0,-0.03444120724099409,0.515
decel_0.7_to_0.5,decel,0.52,1797423,0.5,0.5127316525684933,0.4949658513069153,0.0,1,0,0,-0.023448219007895177,0.515
decel_0.7_to_0.5,decel,0.54,1797424,0.5,0.5024394770373509,0.5040189027786255,0.0,1,0,0,-0.01273165256849329,0.515
decel_0.7_to_0.5,decel,0.56,1797425,0.5,0.49277683321811344,0.5127565264701843,0.0,1,0,0,-0.0024394770373509234,0.515
decel_0.7_to_0.5,decel,0.58,1797426,0.5,0.4841958762841908,0.5210015773773193,0.0,1,0,0,0.007223166781886559,0.515
decel_0.7_to_0.5,decel,0.6,1797427,0.5,0.47425637139958543,0.528364896774292,0.0,1,0,0,0.015804123715809193,0.515
decel_0.7_to_0.5,decel,0.62,1797428,0.5,0.4658987678088399,0.5369267463684082,0.0,1,0,0,0.02574362860041457,0.515
decel_0.7_to_0.5,decel,0.64,1797429,0.5,0.45894730480936385,0.5441807508468628,0.0,1,0,0,0.034101232191160125,0.515
decel_0.7_to_0.5,decel,0.66,1797430,0.5,0.45323284929394986,0.550270140171051,0.0,1,0,0,0.041052695190636146,0.515
decel_0.7_to_0.5,decel,0.68,1797431,0.5,0.44859513709230614,0.5553331971168518,0.0,1,0,0,0.04676715070605014,0.515
decel_0.7_to_0.5,decel,0.7000000000000001,1797432,0.5,0.4448839652291306,0.5595014095306396,0.0,1,0,0,0.05140486290769386,0.515
decel_0.7_to_0.5,decel,0.72,1797433,0.5,0.44196262507777123,0.5628984570503235,0.0,1,0,0,0.055116034770869404,0.515
decel_0.7_to_0.5,decel,0.74,1797434,0.5,0.4397094282516978,0.565636932849884,0.0,1,0,0,0.05803737492222877,0.515
decel_0.7_to_0.5,decel,0.76,1797435,0.5,0.4380177543075077,0.5678174495697021,0.0,1,0,0,0.06029057174830221,0.515
decel_0.7_to_0.5,decel,0.78,1797436,0.5,0.4367951447801697,0.5695281028747559,0.0,1,0,0,0.06198224569249228,0.515
decel_0.7_to_0.5,decel,0.8,1797437,0.5,0.4359617296580794,0.5708454251289368,0.0,1,0,0,0.06320485521983032,0.515
decel_0.7_to_0.5,decel,0.8200000000000001,1797438,0.5,0.43544932131318215,0.5718355774879456,0.0,1,0,0,0.06403827034192061,0.515
decel_0.7_to_0.5,decel,0.84,1797439,0.5,0.4351999841493169,0.5725551247596741,0.0,1,0,0,0.06455067868681785,0.515
decel_0.7_to_0.5,decel,0.86,1797440,0.5,0.43516484237122866,0.5730522274971008,0.0,1,0,0,0.06480001585068312,0.515
decel_0.7_to_0.5,decel,0.88,1797441,0.5,0.43530212509928673,0.5733673572540283,0.0,1,0,0,0.06483515762877134,0.515
decel_0.7_to_0.5,decel,0.9,1797442,0.5,0.4355769755006043,0.5735353231430054,0.0,1,0,0,0.06469787490071327,0.515
decel_0.7_to_0.5,decel,0.92,1797443,0.5,0.43596059260975195,0.5735851526260376,0.0,1,0,0,0.06442302449939569,0.515
decel_0.7_to_0.5,decel,0.9400000000000001,1797444,0.5,0.436429277621175,0.5735408663749695,0.0,1,0,0,0.06403940739024805,0.515
decel_0.7_to_0.5,decel,0.96,1797445,0.5,0.4369633847803054,0.5734221935272217,0.0,1,0,0,0.063570722378825,0.515
decel_0.7_to_0.5,decel,0.98,1797446,0.5,0.4375469877237156,0.5732455849647522,0.0,1,0,0,0.06303661521969461,0.515
decel_0.7_to_0.5,decel,1.0,1797447,0.5,0.4381668303512908,0.5730242729187012,0.0,1,0,0,0.062453012276284414,0.515
decel_0.7_to_0.5,decel,1.02,1797448,0.5,0.43881227915082566,0.5727695226669312,0.0,1,0,0,0.06183316964870922,0.515
decel_0.7_to_0.5,decel,1.04,1797449,0.5,0.43947441725169556,0.5724900960922241,0.0,1,0,0,0.06118772084917434,0.515
decel_0.7_to_0.5,decel,1.06,1797450,0.5,0.4401464258824877,0.5721935629844666,0.0,1,0,0,0.06052558274830444,0.515
decel_0.7_to_0.5,decel,1.08,1797451,0.5,0.44082258295017474,0.5718857049942017,0.0,1,0,0,0.0598535741175123,0.515
decel_0.7_to_0.5,decel,1.1,1797452,0.5,0.441498358504425,0.571571409702301,0.0,1,0,0,0.059177417049825265,0.515
decel_0.7_to_0.5,decel,1.12,1797453,0.5,0.4421701762598662,0.5712543725967407,0.0,1,0,0,0.05850164149557502,0.515
decel_0.7_to_0.5,decel,1.1400000000000001,1797454,0.5,0.4428353182339978,0.5709378123283386,0.0,1,0,0,0.05782982374013379,0.515
decel_0.7_to_0.5,decel,1.16,1797455,0.5,0.44349159096534774,0.5706239342689514,0.0,1,0,0,0.0571646817660022,0.515
decel_0.7_to_0.5,decel,1.18,1797456,0.5,0.4441374685600764,0.5703147649765015,0.0,1,0,0,0.05650840903465226,0.515
decel_0.7_to_0.5,decel,1.2,1797457,0.5,0.4447716158934445,0.570011556148529,0.0,1,0,0,0.05586253143992359,0.515
decel_0.7_to_0.5,decel,1.22,1797458,0.5,0.44539346077483943,0.5697154998779297,0.0,1,0,0,0.055228384106555506,0.515
decel_0.7_to_0.5,decel,1.24,1797459,0.5,0.44600224022990786,0.5694272518157959,0.0,1,0,0,0.054606539225160566,0.515
decel_0.7_to_0.5,decel,1.26,1797460,0.5,0.44659776353200276,0.5691473484039307,0.0,1,0,0,0.053997759770092135,0.515
decel_0.7_to_0.5,decel,1.28,1797461,0.5,0.44717974457041604,0.5688761472702026,0.0,1,0,0,0.053402236467997244,0.515
decel_0.7_to_0.5,decel,1.3,1797462,0.5,0.44774827872801487,0.5686138272285461,0.0,1,0,0,0.05282025542958396,0.515
decel_0.7_to_0.5,decel,1.32,1797463,0.5,0.44830346139700533,0.5683605074882507,0.0,1,0,0,0.05225172127198513,0.515
decel_0.7_to_0.5,decel,1.34,1797464,0.5,0.44884538792068485,0.5681160688400269,0.0,1,0,0,0.05169653860299467,0.515
decel_0.7_to_0.5,decel,1.36,1797465,0.5,0.4493743444253348,0.5678805112838745,0.0,1,0,0,0.051154612079315154,0.515
decel_0.7_to_0.5,decel,1.3800000000000001,1797466,0.5,0.44989061701278155,0.5676536560058594,0.0,1,0,0,0.050625655574665196,0.515
decel_0.7_to_0.5,decel,1.4000000000000001,1797467,0.5,0.45039453947232133,0.5674353241920471,0.0,1,0,0,0.050109382987218454,0.515
decel_0.7_to_0.5,decel,1.42,1797468,0.5,0.45088644557926705,0.5672252178192139,0.0,1,0,0,0.04960546052767867,0.515
decel_0.7_to_0.5,decel,1.44,1797469,0.5,0.4513666214614235,0.5670232176780701,0.0,1,0,0,0.04911355442073295,0.515
decel_0.7_to_0.5,decel,1.46,1797470,0.5,0.451835591628333,0.5668290257453918,0.0,1,0,0,0.04863337853857652,0.515
decel_0.7_to_0.5,decel,1.48,1797471,0.5,0.45229354681904665,0.5666423439979553,0.0,1,0,0,0.04816440837166702,0.515
decel_0.7_to_0.5,decel,1.5,1797472,0.5,0.45274086851133843,0.5664629936218262,0.0,1,0,0,0.047706453180953345,0.515
decel_0.7_to_0.5,decel,1.52,1797473,0.5,0.45317803353111163,0.5662906765937805,0.0,1,0,0,0.047259131488661565,0.515
decel_0.7_to_0.5,decel,1.54,1797474,0.5,0.4536052803227091,0.5661251544952393,0.0,1,0,0,0.046821966468888365,0.515
decel_0.7_to_0.5,decel,1.56,1797475,0.5,0.4540228949661523,0.5659661293029785,0.0,1,0,0,0.04639471967729092,0.515
decel_0.7_to_0.5,decel,1.58,1797476,0.5,0.45443121127872627,0.565813422203064,0.0,1,0,0,0.04597710503384772,0.515
decel_0.7_to_0.5,decel,1.6,1797477,0.5,0.45483061071256126,0.5656668543815613,0.0,1,0,0,0.045568788721273734,0.515
decel_0.7_to_0.5,decel,1.62,1797478,0.5,0.45522133169601375,0.5655261278152466,0.0,1,0,0,0.045169389287438744,0.515
decel_0.7_to_0.5,decel,1.6400000000000001,1797479,0.5,0.4556037080047358,0.5653910636901855,0.0,1,0,0,0.04477866830398625,0.515
decel_0.7_to_0.5,decel,1.6600000000000001,1797480,0.5,0.45597802575988233,0.5652613639831543,0.0,1,0,0,0.04439629199526418,0.515
decel_0.7_to_0.5,decel,1.68,1797481,0.5,0.45634442798089864,0.5651369094848633,0.0,1,0,0,0.04402197424011767,0.515
decel_0.7_to_0.5,decel,1.7,1797482,0.5,0.45670329617187244,0.5650175213813782,0.0,1,0,0,0.04365557201910136,0.515
decel_0.7_to_0.5,decel,1.72,1797483,0.5,0.4570548210438826,0.5649030208587646,0.0,1,0,0,0.04329670382812756,0.515
decel_0.7_to_0.5,decel,1.74,1797484,0.5,0.4573991456759896,0.5647931694984436,0.0,1,0,0,0.04294517895611738,0.515
decel_0.7_to_0.5,decel,1.76,1797485,0.5,0.4577366992131232,0.5646879076957703,0.0,1,0,0,0.042600854324010395,0.515
decel_0.7_to_0.5,decel,1.78,1797486,0.5,0.4580675770248933,0.5645869374275208,0.0,1,0,0,0.04226330078687679,0.515
decel_0.7_to_0.5,decel,1.8,1797487,0.5,0.45839187447491614,0.5644901990890503,0.0,1,0,0,0.04193242297510669,0.515
decel_0.7_to_0.5,decel,1.82,1797488,0.5,0.4587100207141165,0.5643976330757141,0.0,1,0,0,0.04160812552508386,0.515
decel_0.7_to_0.5,decel,1.84,1797489,0.5,0.45902206342247104,0.5643088817596436,0.0,1,0,0,0.041289979285883516,0.515
decel_0.7_to_0.5,decel,1.86,1797490,0.5,0.4593281456550614,0.5642239451408386,0.0,1,0,0,0.04097793657752896,0.515
decel_0.7_to_0.5,decel,1.8800000000000001,1797491,0.5,0.45962845814861053,0.5641427636146545,0.0,1,0,0,0.040671854344938585,0.515
decel_0.7_to_0.5,decel,1.9000000000000001,1797492,0.5,0.4599231916493314,0.5640650987625122,0.0,1,0,0,0.04037154185138947,0.515
decel_0.7_to_0.5,decel,1.92,1797493,0.5,0.46021253687246916,0.5639909505844116,0.0,1,0,0,0.040076808350668625,0.515
decel_0.7_to_0.5,decel,1.94,1797494,0.5,0.46049649381319646,0.5639200806617737,0.0,1,0,0,0.03978746312753084,0.515
decel_0.7_to_0.5,decel,1.96,1797495,0.5,0.4607753009246732,0.5638524889945984,0.0,1,0,0,0.03950350618680354,0.515
decel_0.7_to_0.5,decel,1.98,1797496,0.5,0.4610491966067839,0.563788115978241,0.0,1,0,0,0.039224699075326774,0.515
decel_0.7_to_0.5,decel,2.0,1797497,0.5,0.4613181331649015,0.5637266635894775,0.0,1,0,0,0.038950803393216105,0.515
